<?xml version="1.0" encoding="UTF-8"?>
<!DOCTYPE suite SYSTEM "https://testng.org/testng-1.0.dtd">
<suite name="Suite" parallel="tests" thread-count="10" >
	  <listeners>
  		<listener class-name="utilities.ExtentReportManager"/>
      </listeners>
	  <test  name="TestChrome" thread-count="5">
	  	<parameter name="os" value="Windows"/>
	  	<parameter name="browser" value="chrome"/>
	    <classes>
	      <class name="testCases.TC_001_HomePage"/>
	      <!-- <class name="testCases.TC_002_UpcomingBike"/>
	      <class name="testCases.TC_003_UsedCar"/>
	      <class name="testCases.TC_004_LoginSignup"/>
	      <class name="testCases.TC_005_LoginPage"/>-->
	    </classes> 
	  </test> <!-- Test -->

	  <test  name="TestEdge">
	  	<parameter name="os" value="Windows"/>
	  	<parameter name="browser" value="edge"/>
	    <classes>
	      <class name="testCases.TC_001_HomePage"/>
	      <!--<class name="testCases.TC_002_UpcomingBike"/>
	      <class name="testCases.TC_003_UsedCar"/>
	      <class name="testCases.TC_004_LoginSignup"/>
	      <class name="testCases.TC_005_LoginPage"/>-->
	    </classes>
	  </test> <!-- Test -->
</suite> <!-- Suite -->
